nr,hashtag
7,#nationalvoterregistrationday
12,#makeamericagreatagain
12,#voterregistrationday
14,#maga
16,#imwithyou
17,#maga
19,#nationalvoterregistrationday
20,#lovetrumpshate
21,#strongertogether
30,#nationalvoterregistrationday
31,#nationalvoterregistrationday
32,#debates2016
32,#nationalvoterregistrationday
34,#maga
35,#shewon
36,#iregistered
39,#nationalvoterregistrationday
40,#shewon
41,#imwithyou
41,#americafirst
41,#maga
42,#nationalvoterregistrationday
45,#shewon
47,#shewon
48,#maga
48,#trumpwon
52,#1
52,#trumpwon
56,#shewon
59,#debatenight
60,#maga
61,#imwithyou
61,#debatenight
61,#americafirst
62,#americafirst
62,#debatenight
62,#maga
64,#debatenight
66,#debatenight
67,#debates2016
67,#americafirst
68,#americafirst
69,#debates2016
69,#maga
70,#debatenight
71,#debatenight
73,#imwithher
74,#debatenight
77,#debatenight
78,#debatenight
80,#debatenight
81,#debates2016
81,#debatenight
81,#benghazi
82,#debatenight
83,#debatenight
84,#debatenight
84,#isis
85,#debatenight
87,#debatenight
89,#debatenight
90,#debatenight
93,#debate
94,#debates2016
95,#debates2016
95,#maga
96,#debatenight
99,#debate
100,#debatenight
102,#debatenight
103,#debatenight
105,#debate
106,#debatenight
107,#debatenight
108,#debatenight
109,#debatenight
110,#debatenight
111,#debatenight
112,#debatenight
114,#debates2016
114,#maga
115,#debatenight
116,#maga
117,#debatenight
118,#debates2016
119,#debatenight
121,#debatenight
122,#debates2016
125,#debatenight
126,#debates2016
128,#debate
129,#debatenight
130,#debates2016
130,#tpp
132,#debatenight
133,#debatenight
136,#debate
138,#debates2016
141,#debatenight
142,#debatenight
143,#debatenight
144,#debatenight
145,#debatenight
146,#debatenight
148,#debatenight
151,#debatenight
151,#trumppence16
153,#debatenight
154,#debatenight
160,#debatenight
161,#debates2016
161,#polls
161,#slipping
162,#debatenight
163,#debatenight
164,#debatenight
168,#debates2016
169,#trumptrain
175,#lovetrumpshate
193,#americafirst
199,#lovetrumpshate
206,#trumptrain
206,#maga
209,#declareyourambition
219,#opioidawarenessweek
223,#trumptrain
223,#maga
232,#makeamericagreatagain
242,#imwithher
242,#ada
242,#cripthevote
243,#maga
255,#maga
296,#terencecrutcher
299,#unga
304,#americafirst
304,#makeamericagreatagain
305,#americafirst
305,#makeamericagreatagain
311,#imwithyou
311,#americafirst
368,#polls
413,#maga
459,#americafirst
462,#thetonightshow
462,#thedonald's
462,#trumppence16
462,#jimmyfallon
463,#fallontonight
463,#myteacherisweird
484,#hispanicheritagemonth
504,#maga
509,#maga
509,#lesm
510,#maga
520,#librarianofcongress
521,#maga
521,#americafirst
523,#wetrumphate
541,#imwithyou
561,#imwithyou
561,#americafirst
584,#election2016
609,#makeamericagreatagain
611,#makeamericagreatagain
614,#americafirst
614,#maga
627,#maga
669,#americafirst
677,#imwithyou
677,#americafirst
679,#lovetrumpshate
685,#makeamericagreatagain
694,#imwithyou
694,#maga
697,#trumptrain
697,#americafirst
715,#imwithyou
715,#americafirst
725,#potus
739,#commanderinchiefforum
744,#nbcnewsforum
745,#nbcnewsforum
749,#nbcnewsforum
750,#nbcnewsforum
751,#nbcnewsforum
753,#nbcnewsforum
757,#nbcnewsforum
758,#nbcnewsforum
759,#nbcnewsforum
760,#nbcnewsforum
761,#nbcnewsforum
763,#nbcnewsforum
770,#americafirst
781,#americafirst
781,#maga
786,#media
791,#votetrump
791,#makeamericagreatagain
797,#imwithyou
810,#votetrump
811,#imwithyou
811,#votetrump
814,#1
816,#americafirst
825,#americafirst
830,#laborday
831,#americafirst
834,#americafirst
834,#laborday
836,#maga
871,#imwithyou
871,#makeamericagreatagain
877,#maga
892,#imwithyou
900,#alconvention2016
906,#imwithyou
906,#americafirst
907,#americafirst
908,#imwithyou
908,#makeamericagreatagain
909,#imwithyou
909,#makeamericagreatagain
910,#trumppence16
917,#imwithyou
947,#imwithyou
947,#americafirst
950,#trumpineverett
953,#maga
957,#maga
970,#imwithyou
971,#imwithyou
974,#obamacare
979,#rip
979,#divodejuarez
979,#juangabriel
997,#goodtrouble
1003,#votetrump
1005,#neverhillary
1005,#trumppence2016
1007,#strongertogether
1009,#imwithyou
1012,#strongertogether
1017,#blackmenforbernie
1017,#blacksfortrump
1017,#hillary2016
1020,#imwithyou
1021,#americafirst
1021,#trumppence16
1022,#imwithyou
1024,#makeamericagreatagain
1025,#enjoy
1028,#womensequalityday
1032,#crookedhillary
1034,#womensequalityday
1037,#womensequalityday
1041,#womensequalityday
1051,#flashbackfriday
1057,#nps100
1064,#crookedhillary's
1103,#nps100
1106,#brexit
1106,#maga
1111,#buildthewall
1111,#hannity
1113,#imwithyou
1113,#americafirst
1115,#trumppence16
1121,#makeamericagreatagain
1122,#makeamericagreatagain
1124,#makeamericasafeagain
1128,#makeamericagreatagain
1131,#imwithher
1133,#diwali
1135,#blackwomensequalpay
1138,#laflood
1143,#smallbiz
1174,#teamtrump
1175,#maga
1175,#trumppence16
1192,#maga
1193,#trumppence16
1201,#trumppence16
1205,#maga
1205,#alwaystrump
1207,#standwithlouisiana
1208,#whereshillary
1214,#trumppence16
1216,#whd
1223,#imwithyou
1223,#trumptrain
1229,#makeamericagreatagain
1235,#rosanelleaton
1252,#imwithyou
1252,#makeamericagreatagain
1255,#obamacare
1265,#imwithyou
1266,#imwithyou
1266,#makeamericagreatagain
1267,#imwithyou
1269,#imwithyou
1269,#lawandorder
1270,#imwithyou
1270,#lawandorder
1272,#makeamericagreatagain
1280,#obamacare
1293,#daca
1298,#extremevetting
1350,#usa
1350,#makeamericagreatagain
1355,#trumptrain
1366,#makeamericagreatagain
1369,#youthday
1370,#maga
1387,#tbt
1428,#makeamericagreatagain
1441,#makeamericagreatagain
1443,#maga
1454,#lesm
1461,#trumppence16
1463,#trumppence16
1466,#makeamericagreatagain
1467,#defendthesecond
1467,#electionday
1467,#2a
1467,#neverhillary
1468,#neverhillary
1468,#scotus
1476,#maga
1476,#neverhillary
1490,#makeamericagreatagain
1496,#smallbiz
1496,#taxplan
1505,#nevertrump
1519,#icymi
1526,#purpleheartday
1528,#imwithhernandez
1529,#virwinia
1536,#maga
1536,#trumppence16
1541,#demconvention
1542,#restorethevra
1545,#crookedhillary
1545,#trumppence16
1550,#ugpride2016
1551,#restorethevra
1556,#rio2016
1556,#teamusa
1556,#openingceremony
1558,#maga
1558,#trumppence16
1560,#trumppence16
1562,#trumptrain
1562,#maga
1571,#nabjnahj16
1593,#makeamericagreatagain
1603,#coastguardday
1608,#maga
1612,#makeamericagreatagain
1614,#imwithyou
1614,#maga
1615,#maga
1615,#lesm
1616,#makeamericagreatagain
1645,#icymi
1647,#makeamericagreatagain
1651,#imwithyou
1653,#demconvention
1655,#imwithher
1655,#demconvention
1658,#crookedhillary
1660,#maga
1661,#trumpmovement
1661,#maga
1671,#imwithyou
1671,#maga
1673,#imwithyou
1673,#maga
1674,#imwithyou
1674,#makeamericagreatagain
1700,#voterfraud
1700,#msm
1714,#1
1721,#crookedhillary
1738,#imwithher
1741,#khizrkhan
1743,#maga
1749,#trump2016
1750,#makeamericagreatagain
1753,#crookedhillary
1754,#makeamericagreatagain
1754,#lesm
1771,#trumppence16
1777,#neverhillary
1779,#neverhillary
1844,#strongertogether
1876,#demconvention
1883,#demsinphilly
1885,#demsinphilly
1886,#demconvention
1886,#demsinphilly
1890,#maga
1890,#tbt
1897,#demsinphilly
1898,#maga
1902,#dnc
1906,#nato
1906,#demsinphilly
1988,#demsinphilly
1999,#stopgunviolence
2000,#makeamericagreatagain
2002,#enough
2002,#imwithher
2005,#demsinphilly
2007,#pulse
2007,#lgbt
2008,#demsinphilly
2009,#demsinphilly
2010,#demsinphilly
2012,#demsinphilly
2014,#dncinphl
2014,#demsinphilly
2016,#demsinphilly
2020,#makeamericagreatagain
2021,#demsinphilly
2022,#demconvention
2026,#maga
2033,#makeamericagreatagain
2038,#demsinphl
2048,#strongertogether
2048,#demsinphilly
2073,#demconvention
2078,#demsinphilly
2083,#demsinphilly
2091,#wemadehistory
2096,#rollcallvote
2097,#rollcallvote
2098,#wemadehistory
2099,#imwithher
2099,#demsinphilly
2103,#demsinphilly
2104,#demsinphilly
2105,#demsinphilly
2106,#wemadehistory
2111,#demconvention
2112,#demsinphl
2113,#makeamericagreatagain
2114,#maga
2114,#trumppence16
2115,#maga
2115,#trumppence16
2116,#demsinphl
2117,#demsinphl
2123,#demsinphilly
2124,#demsinphilly
2129,#demsinphilly
2131,#demsinphilly
2134,#demsinphilly
2135,#demsinphilly
2136,#demsinphilly
2139,#demsinphilly
2140,#demsinphilly
2141,#demsinphilly
2144,#demsinphilly
2147,#demsinphilly
2148,#demconvention
2149,#demsinphilly
2151,#demsinphilly
2152,#demsinphilly
2154,#demsinphilly
2157,#demsinphilly
2160,#demconvention
2161,#demsinphilly
2162,#demsinphilly
2163,#demsinphilly
2164,#demsinphilly
2168,#demsinphilly
2170,#demconvention
2171,#demsinphilly
2172,#demsinphilly
2173,#demsinphilly
2174,#demsinphilly
2179,#demsinphilly
2180,#demsinphilly
2181,#demsinphilly
2184,#demsinphilly
2185,#lovetrumpshate
2185,#demsinphilly
2186,#demsinphilly
2189,#demconvention
2192,#trumppence16
2193,#trumppence16
2194,#lgbt
2195,#demconvention
2196,#demconvention
2198,#trumppence16
2213,#maga
2219,#makeamericagreatagain
2253,#rncincle
2255,#hillarykaine2016
2260,#clintonkaine
2290,#imwithher
2292,#strongertogether
2303,#makeamericasafeagain
2309,#imwithher
2309,#clintonkaine
2316,#virwinia
2341,#rncincle
2350,#rncincle
2352,#trumppence16
2359,#rncincle
2361,#rncwithbernie
2363,#rncincle
2364,#rncincle
2365,#rncincle
2367,#rncincle
2370,#rncincle
2371,#rncincle
2374,#makeamericagreatagain
2374,#trumpiswithyou
2374,#rncincle
2375,#rncincle
2377,#rncincle
2378,#rncincle
2382,#standtogether
2382,#nato
2383,#trumpyourself
2385,#rncincle
2389,#rncincle
2391,#rncincle
2391,#trumppence2016
2392,#trumpyourself
2393,#trumpyourself
2395,#rncincle
2396,#trumpyourself
2401,#rncincle
2402,#americafirst
2402,#rncincle
2406,#gopconvention
2406,#americafirst
2406,#gopincle
2409,#rncincle
2411,#rncincle
2412,#rncincle
2413,#rncincle
2416,#rncincle
2417,#americafirst
2417,#rncincle
2418,#rncincle
2420,#rncincle
2421,#rncincle
2422,#americafirst
2422,#rncincle
2423,#rncincle
2424,#rncincle
2425,#rncincle
2427,#americafirst
2429,#rncincle
2430,#gopconvention
2430,#americafirst
2430,#rncincle
2437,#citizensunited
2438,#rncincle
2450,#rncincle's
2452,#rncincle
2453,#rncincle
2454,#rncincle
2456,#rncincle
2457,#rncincle
2458,#rncincle
2460,#rncincle
2461,#rncincle
2463,#rncincle
2464,#rncincle
2465,#rncincle
2473,#rncincle
2486,#gopconvention
2487,#rncincle
2488,#rncincle
2491,#rncincle
2492,#rncincle
2495,#rncincle
2496,#rncincle
2499,#rncincle
2500,#gopconvention
2500,#rncincle
2501,#rncincle
2504,#rncincle
2511,#strongertogether
2515,#makeamericasafeagain
2529,#aidsfreegeneration
2532,#rncincle
2539,#60minutes
2560,#campaignfinance
2560,#citizensunited
2562,#trumppence16
2566,#imwithher
2576,#turkey
2577,#mikepence
2591,#nevertrump
2600,#juntossepuede
2602,#irandeal
2618,#imwithyou
2619,#imwithyou
2619,#trump2016
2625,#fixdemocracyfirst
2632,#crookedhillary
2639,#crookedhillary
2660,#imwithher
2660,#feelthebern
2664,#imwithyou
2664,#crookedhillary
2665,#imwithyou
2667,#trump2016
2670,#naacp107
2672,#imwithyou
2672,#trump2016
2674,#work
2675,#crookedhillary
2681,#crookedhillary
2711,#orlando
2711,#stopthehate
2715,#imwithyou
2728,#neverforget
2728,#srebrenica
2733,#trump2016
2746,#trump2016
2748,#wimbledon
2774,#tbt
2779,#americafirst
2779,#trump2016
2780,#trump2016
2784,#philandocastile
2786,#trump2016
2786,#americafirst
2789,#frozen
2862,#firstinpotus
2866,#riggedsystem
2882,#trump2016
2882,#americafirst
2906,#imwithyou
2907,#americafirst
2907,#leadright2016
2909,#americafirst
2910,#americafirst
2911,#imwithyou
2911,#americafirst
2915,#imwithyou
2915,#americafirst
2918,#imwithyou
2918,#wcs16
2920,#imwithyou
2920,#americafirst
2922,#americafirst
2926,#makersandtakers
2932,#tbt
2940,#stopthehate
2947,#wakeupamerica
2972,#trump2016
2978,#creatorsaskhrc
2981,#creatorsaskhrc
2989,#crookedhillary
2989,#trump2016
2991,#potus
2992,#upupup
2994,#trump
3007,#scotus
3012,#turnuptovote
3031,#ohhillyes
3040,#trump2016
3040,#maga
3041,#dtmag
3044,#crookedhillary
3055,#usmc2016
3056,#imwithher
3057,#nycpride
3067,#demplatform
3068,#demplatform
3069,#demplatform
3070,#demplatform
3077,#americafirst
3087,#westvirginia
3090,#imwithyou
3100,#brexitvote
3101,#brexit
3102,#brexitvote
3104,#brexitvote
3105,#brexitvote
3120,#democraticsitin
3121,#imwithyou
3124,#titleix
3125,#clinton
3125,#trump
3129,#imwithyou
3132,#crookedhillary
3134,#scotus
3135,#nobillnobreak
3139,#nobillnobreak
3140,#gunviolence
3140,#nomoresilence
3140,#sitin
3140,#aslongasittakes
3140,#nobillnobreak
3141,#nobillnobreak
3142,#endgunviolence
3142,#disarmhate
3142,#sitin
3144,#notonemore
3145,#nobillnobreak
3146,#nobillnobreak
3147,#holdthefloor
3147,#nomoresilence
3147,#nobillnobreak
3148,#goodtrouble
3148,#nobillnobreak
3151,#olmstead
3156,#veterans
3156,#gibill
3157,#moreincommon
3166,#imwithyou
3223,#disarmhate
3225,#disarmhate
3226,#worldrefugeeday
3247,#makeamericagreatagain
3250,#trump2016
3251,#trump2016
3252,#trump2016
3252,#americafirst
3253,#laudatosi
3257,#trump2016
3257,#americafirst
3258,#trump2016
3258,#americafirst
3261,#trump2016
3261,#americafirst
3265,#americafirst
3265,#trump2016
3267,#americafirst
3271,#trump2016
3271,#americafirst
3272,#charleston9
3276,#americafirst
3278,#trumpdallas
3284,#trump
3300,#trump2016
3301,#sheswithus
3308,#enough
3308,#filibuster
3308,#orlandounited
3313,#americafirst
3313,#trump2016
3314,#americafirst
3324,#americafirst
3327,#orlandounited
3331,#armybday
3338,#netneutrality
3362,#trump2016
3374,#stanleycup
3413,#trump2016
3413,#americafirst
3414,#americafirst
3416,#americafirst
3417,#trumptrain
3417,#americafirst
3422,#makeamericagreatagain
3425,#trump2016
3432,#rtm2016
3432,#trump2016
3434,#trump2016
3446,#trump2016
3455,#makeamericagreatagain
3462,#trump2016
3475,#wibackher
3498,#imwithher
3499,#americafirst
3499,#trump2016
3501,#historymade
3505,#imwithher
3520,#trump2016
3521,#imwithher
3523,#trump2016
3524,#trump2016
3525,#trump2016
3527,#trump2016
3530,#imwithher
3553,#makeamericagreatagain
3557,#caprimary
3573,#dday
3577,#dday
3582,#1
3594,#decision2016
3596,#elkhart
3596,#potus
3596,#makeamericagreatagain
3613,#votetrump2016
3613,#trumptrain
3620,#caprimary
3620,#makeamericagreatagain
3630,#imwithher
3641,#women4ttump
3641,#trump2016
3648,#trump2016
3657,#maga
3657,#trump2016
3660,#gunviolence
3673,#saveelephants
3680,#makeamericagreatagain
3680,#trump2016
3686,#neverdems
3686,#teachers4trump
3686,#ca4trump
3688,#makeamericagreatagain
3691,#caribbean
3698,#makeamericagreatagain
3698,#trump2016
3724,#trump2016
3734,#understandslavery
3745,#memorialday
3749,#trump
3751,#trump2016
3764,#mdw
3772,#trump2016
3777,#trump2016
3781,#trump2016
3784,#makeamericagreatagain
3784,#trump2016
3787,#tbt
3792,#trump2016
3792,#meetthetrumps
3794,#trump2016
3795,#trump2016
3798,#sallyrideday
3808,#uaw
3810,#trump2016
3811,#actonclimate
3832,#trumptrain
3832,#makeamericagreatagain
3836,#trump2016
3836,#makeamericagreatagain
3838,#trump2016
3883,#trump2016
3888,#trump2016
3888,#maga
3899,#stopgunviolence
3900,#armedforcesday
3906,#trumptrain
3917,#imwithher
3918,#trump2016
3920,#makeamericagreatagain
3920,#trump2016
3923,#2a
3923,#trump2016
3924,#mothersofthemovement
3924,#michaelbrown
3924,#changeagents
3930,#secondamendment
3930,#2a
3945,#tbt
3947,#sayhername
3976,#trump2016
3977,#makeamericagreatagain
3986,#americafirst
3988,#trump2016
3988,#makeamericagreatagain
3990,#makeamericagreatagain
4006,#megynkellypresents
4011,#makeamericagreatagain
4020,#trump
4041,#orprimary
4041,#votetrump
4054,#madeinamerica
4060,#scotus
4074,#makeamericagreatagain
4074,#trump2016
4077,#trump2016
4084,#trump2016
4110,#tbt
4111,#internationalnursesday
4115,#trump2016
4117,#trump2016
4121,#tbt
4133,#statehood
4133,#washingtondc
4152,#makeamericagreatagain
4152,#trump2016
4154,#makeamericagreatagain
4154,#trump2016
4159,#makeamericagreatagain
4159,#trump2016
4161,#makeamericagreatagain
4161,#trump2016
4171,#makeamericagreatagain
4171,#votetrump
4171,#trump2016
4172,#makeamericagreatagain
4172,#votetrump
4172,#trump2016
4179,#repmikekelly
4183,#trumpforpresident
4183,#trump2016
4183,#nebraskaprimary
4207,#mattschlapp
4207,#gop
4207,#jenniferrubin
4213,#mothersday
4221,#madeforhistory
4225,#kentuckyderby
4251,#trumptrain
4251,#makeamericagreatagain
4255,#trump2016
4262,#trump2016
4262,#makeamericagreatagain
4270,#cincodemayo
4274,#smallbizweek
4288,#thanksobama
4308,#teacherappreciationday
4309,#trump2016
4309,#makeamericagreatagain
4326,#votetrump
4326,#inprimary
4328,#votetrump
4328,#trump2016
4328,#inprimary
4331,#trump2016
4332,#votetrump
4332,#trump2016
4333,#votetrump
4333,#inprimary
4335,#votetrump
4335,#inprimary
4336,#votetrump
4336,#inprimary
4340,#inprimary
4341,#makeamericagreatagain
4343,#votetrump
4343,#makeamericagreatagain
4343,#inprimary
4345,#trump2016
4345,#inprimary
4348,#trump2016
4348,#makeamericagreatagain
4367,#inprimary
4368,#trump2016
4368,#inprimary
4369,#makeamericagreatagain
4370,#apahm
4373,#whcd
4375,#fns
4379,#mayday
4380,#trump2016
4382,#womancard
4384,#womancard
4385,#trump2016
4385,#maga
4387,#lovetrumpshate
4392,#womancard
4393,#hillaryoncnn
4394,#womancard
4400,#trump2016
4405,#trump2016
4408,#womancard
4409,#womancard
4410,#indprimary
4412,#trump
4416,#makeamericagreatagain
4417,#tbt
4418,#tbt
4437,#trump2016
4438,#indiana
4439,#makeamericagreatagain
4443,#womancard
4458,#imwithher
4481,#trump2016
4485,#trump2016
4486,#trump2016
4487,#trump2016
4488,#trump2016
4494,#trump2016
4497,#votetrump
4497,#makeamericagreatagain
4498,#votetrump
4499,#votetrump
4500,#votetrump
4501,#votetrump
4508,#estoyconella
4510,#trump2016
4515,#msnbctownhall
4516,#makeamericagreatagain
4516,#trump2016
4517,#msnbctownhall
4518,#mdprimary
4518,#riprimary
4518,#ctprimary
4518,#paprimary
4518,#deprimary
4521,#estoyconella
4522,#makeamericagreatagain
4523,#paprimary
4523,#votetrump
4524,#riprimary
4524,#votetrump
4545,#gop
4545,#nyprimary
4555,#trump2016
4555,#trumptrain
4555,#makeamericagreatagain
4556,#makeamericagreatagain
4556,#trump2016
4558,#makeamericagreatagain
4558,#trump2016
4560,#makeamericagreatagain
4564,#trump2016
4566,#trump2016
4567,#makeamericagreatagain
4567,#trump2016
4568,#trump2016
4568,#makeamericagreatagain
4569,#earthday
4573,#actonclimate
4575,#makeamericagreatagain
4575,#trump2016
4583,#hillaryclinton
4583,#prince
4590,#stopgunviolence
4592,#hillaryongma
4592,#tbt
4595,#trump2016
4600,#trump2016
4600,#makeamericagreatagain
4606,#trump360
4607,#trump2016
4629,#makeamericagreatagain
4629,#trump2016
4632,#trump2016
4632,#trumptrain
4632,#makeamericagreatagain
4633,#primaryday
4634,#makeamericagreatagain
4637,#trump2016
4637,#makeamericagreatagain
4639,#primaryday
4640,#newyorkvalues
4640,#votetrump
4640,#nyprimary
4641,#trump2016
4641,#votetrumpny
4641,#primaryday
4641,#potus
4645,#votetrump
4645,#makeamericagreatagain
4646,#votetrumpny
4646,#icymi
4646,#trump2016
4647,#primaryday
4648,#primaryday
4649,#trump2016
4649,#makeamericagreatagain
4650,#primaryday
4650,#ivoted
4657,#nyprimary
4658,#fightforfamilies
4660,#eastvillage
4661,#lssc
4666,#fightforfamilies
4670,#houstonflood
4672,#fightforfamilies
4680,#newyorkvalues
4682,#makeamericagreatagain
4687,#hrc4pa
4694,#makeamericagreatagain
4694,#trump2016
4695,#trumptrain
4695,#nyprimary
4696,#trump2016
4697,#votetrumpny
4697,#makeamericagreatagain
4699,#presidenttrump
4699,#trump2016
4699,#primary
4701,#nyprimary
4702,#nyprimary
4703,#icymi
4709,#nyprimary
4709,#trump2016
4710,#trump2016
4711,#trump2016
4713,#nyprimary
4713,#trump2016
4714,#makeamericagreatagain
4714,#trump2016
4718,#trump2016
4719,#trumptrain
4719,#trump2016
4721,#newyorkvalues
4722,#makeamericagreatagain
4722,#trump2016
4723,#trump2016
4723,#makeamericagreatagain
4724,#newyorkvalues
4724,#trump2016
4725,#makeamericagreatagain
4725,#trump2016
4726,#trump2016
4726,#nyprimary
4727,#trumptrain
4727,#trump2016
4735,#trumptrain
4744,#makeamericagreatagain
4744,#trumptrain
4744,#trump2016
4748,#makeamericagreatagain
4754,#newyorkvalues
4759,#makeamericagreatagain
4759,#trump2016
4761,#makeamericagreatagain
4763,#trump
4764,#haileypuckett
4771,#wakeupamerica
4772,#newday
4772,#makeamericagreatagain
4778,#makeamericagreatagain
4784,#trump2016
4784,#maga
4784,#wiprimary
4786,#wisconsin
4786,#makeamericagreatagain
4786,#trumptrain
4792,#trump2016
4792,#wiprimary
4794,#trump2016
4794,#wiprimary
4796,#wisconsin
4798,#trump2016
4798,#wiprimary
4801,#votetrumpwi
4801,#wiprimary
4802,#makeamericagreatagain
4802,#trump2016
4803,#trump2016
4803,#wiprimary
4804,#makeamericagreatagain
4804,#trump2016
4805,#makeamericagreatagain
4805,#trump2016
4806,#trump2016
4807,#trump2016
4807,#wiprimary
4808,#makeamericagreatagain
4808,#trump2016
4809,#wisconsin
4813,#votetrump
4814,#trump2016
4815,#trumptrain
4815,#wausau
4815,#eauclaire
4815,#wiprimary
4815,#racine
4815,#trump2016
4818,#johnryder
4819,#trump2016
4819,#wiprimary
4827,#trump2016
4827,#wiprimary
4832,#trump2016
4833,#trump2016
4833,#makeamericagreatagain
4834,#votetrump
4834,#wiprimary
4836,#trump2016
4839,#trump2016
4839,#wiprimary
4840,#makeamericagreatagain
4840,#trump2016
4841,#makeamericagreatagain
4841,#trump2016
4844,#'s
4845,#trump2016
4847,#makeamericagreatagain
4868,#makeamericagreatagain
4868,#wiprimary
4885,#women4trump
4887,#derp
4891,#lyingted
4904,#votetrump2016
4913,#lyingted
4913,#nevercruz
4916,#trump2016
4925,#trump2016
4925,#trumptrain
4925,#makeamericagreatagain
4929,#trumptrain
4929,#westerntuesday
4929,#trump2016
4932,#potus
4934,#utahcaucus
4934,#utcaucus
4934,#trump2016
4934,#makeamericagreatagain
4935,#makeamericagreatagain
4935,#azprimary
4935,#trump2016
4935,#arizonaprimary
4936,#arizonaprimary
4936,#americansamoa
4936,#utahcaucus
4936,#utcaucus
4936,#azprimary
4936,#votetrump
4937,#brussels
4939,#arizona
4943,#aipac2016
4955,#makeamericagreatagain
4955,#azprimary
4955,#votetrump
4955,#trump2016
4956,#votetrump
4956,#makeamericagreatagain
4957,#makeamericagreatagain
4958,#makeamericagreatagain
4959,#trump2016
4959,#wattersworld
4960,#votetrump
4960,#makeamericagreatagain
4962,#makeamericagreatagain
4962,#trump2016
4965,#mormon
4965,#utah4trump
4965,#utahprimary
4965,#trumpcountry
4965,#utah
4967,#utah
4969,#votetrump
4970,#trump
4971,#trump2016
4972,#az
4972,#ut
4975,#makeamericagreatagain
4975,#trump2016
4976,#trump2016
4979,#trump2016
4979,#makeamericagreatagain
4987,#makeamericagreatagain
4987,#trump2016
4988,#trump2016
4988,#makeamericagreatagain
4999,#makeamericagreatagain
4999,#trump2016
5014,#trump2016
5030,#makeamericagreatagain
5033,#supertuesday
5033,#makeamericagreatagain
5033,#trump2016
5034,#supertuesday
5034,#makeamericagreatagain
5034,#trump2016
5036,#supertuesday
5036,#makeamericagreatagain
5036,#trump2016
5037,#trump2016
5037,#makeamericagreatagain
5044,#cnn
5053,#supertuesday
5053,#votetrump
5054,#supertuesday
5054,#votetrump
5060,#go
5064,#makeamericagreatagain
5065,#votetrump
5065,#trump2016
5066,#makeamericagreatagain
5068,#votetrump
5070,#votetrump
5071,#trump2016
5071,#votetrump
5071,#makeamericagreatagain
5072,#trumptrain
5085,#endcommoncore
5085,#trump2016
5091,#makeamericagreatagain
5091,#trump2016
5092,#makeamericagreatagain
5092,#trump2016
5099,#votetrump
5099,#trump2016
5100,#trump2016
5101,#makeamericagreatagain
5101,#trump2016
5109,#gopdebate
5110,#nevertrump
5111,#trump2016
5111,#makeamericagreatagain
5112,#gopdebate
5113,#donald
5115,#lightweightsenatormarcorubio
5116,#makeamericagreatagain
5116,#trump2016
5118,#trump2016
5120,#trumptrain
5120,#trump2016
5121,#trump2016
5122,#trump2016
5123,#trump2016
5124,#trump2016
5127,#mahalo
5127,#trumpwaikiki
5128,#mediafraud
5144,#msprimary
5154,#trumpdog
5155,#trumptrain
5158,#1
5163,#trump2016
5164,#makeamericagreatagain
5167,#supersaturday
5167,#trump2016
5168,#supersaturday
5168,#trump2016
5169,#makeamericagreatagain
5171,#votetrump
5171,#makeamericagreatagain
5172,#trumptrain
5173,#littlemarco
5177,#makeamericagreatagain
5177,#trump2016
5177,#kansascaucus
5178,#caucusfortrump
5179,#votetrump
5179,#makeamericagreatagain
5185,#makeamericagreatagain
5185,#trump2016
5186,#votetrump
5186,#makeamericagreatagain
5188,#makeamericagreatagain
5188,#trump2016
5189,#votetrumpmi
5191,#makeamericagreatagain
5191,#trump2016
5192,#morningjoe
5194,#trump2016
5195,#makeamericagreatagain
5195,#trump2016
5196,#gopdebate
5199,#makeamericagreatagain
5199,#trump2016
5200,#trump2016
5201,#trumptrain
5201,#gopdebate
5203,#maga
5216,#makeamericagreatagain
5216,#trump2016
5222,#neilcavuto
5222,#fox
5222,#kenlangone
5224,#ontherecord
5230,#supertuesday
5234,#supertuesday
5234,#trump2016
5235,#supertuesday
5235,#trump2016
5236,#supertuesday
5236,#trump2016
5237,#supertuesday
5237,#trump2016
5238,#supertuesday
5238,#trump2016
5239,#supertuesday
5239,#trump2016
5240,#supertuesday
5240,#trump2016
5241,#votetrump
5241,#makeamericagreatagain
5242,#supertuesday
5242,#trump2016
5242,#votetrump
5242,#makeamericagreatagain
5244,#supertuesday
5244,#makeamericagreatagain
5248,#fail
5248,#politician
5250,#supertuesday
5250,#votetrump
5251,#supertuesday
5251,#votetrump
5252,#nascar
5252,#votetrump
5252,#trump2016
5255,#votetrump
5257,#trump2016
5258,#makeamericagreatagain
5258,#trump2016
5259,#makeamericagreatagain
5259,#trump2016
5261,#makeamericagreatagain
5261,#trump2016
5264,#trump2016
5268,#robotrubio
5282,#makeamericagreatagain
5285,#alwaystrump
5285,#trumptrain
5285,#trump2016
5288,#stopcommoncore
5288,#makeamericagreatagain
5299,#votetrump
5300,#trump2016
5303,#makeamericagreatagain
5303,#trump2016
5304,#greta
5307,#makeamericagreatagain
5308,#trump2016
5308,#makeamericagreatagain
5310,#makeamericagreatagain
5310,#trump2016
5326,#lonestarstate
5326,#supertuesday
5326,#makeamericagreatagain
5328,#trump2016
5330,#gopdebate
5330,#makeamericagreatagain
5331,#trump2016
5332,#makeamericagreatagain
5332,#trump2016
5335,#trump2016
5336,#makeyoutubegreatagain
5336,#trump2016
5343,#votetrump
5343,#makeamericagreatagain
5348,#makeamericagreatagain
5350,#noloyalty
5352,#trump2016
5359,#trump2016
5365,#trump2016
5369,#trump2016
5369,#makeamericagreatagain
5374,#nvcaucus
5376,#votetrumpnv
5376,#nevadacaucus
5381,#trumplv
5382,#votetrumpnv
5382,#nevadacaucus
5390,#votetrumpnv
5390,#nevadacaucus
5391,#votetrumpnv
5391,#nevadacaucus
5392,#trumpnv
5392,#trump2016
5396,#votetrumpvt
5397,#votetrumpmi
5398,#votetrumpnc
5399,#votetrumpma
5401,#votetrumpil
5402,#icymi
5402,#trump2016
5403,#trump2016
5403,#hannity
5410,#bikersfortrump
5410,#votetrumpnv
5412,#trump2016
5419,#trump2016
5419,#votetrumpnv
5422,#trump2016
5422,#votetrumpnv
5429,#trump2016
5441,#makeamericagreatagain
5441,#scprimary
5442,#watch
5444,#fairandbalancedmyass
5445,#votetrump
5447,#ted
5448,#southcarolina
5453,#obamacare
5453,#makeamericagreatagain
5457,#obamacare
5458,#scprimary
5458,#makeamericagreatagain
5458,#votetrumpsc
5459,#makeamericagreatagain
5461,#trump2016
5461,#votetrumpsc
5462,#trump2016
5462,#votetrumpsc
5463,#vaticanwalls
5464,#trump2016
5464,#scprimary
5465,#trump2016
5465,#scprimary
5471,#votetrumpsc
5472,#trump2016
5477,#scprimary
5477,#trump2016
5477,#votetrumpsc
5478,#makeamericagreatagain
5478,#trump2016
5479,#makeamericagreatagain
5479,#trump2016
5486,#potus
5486,#trump2016
5487,#scprimary
5494,#colbert
5494,#lssc
5495,#makeamericagreatagain
5495,#trump2016
5497,#teamtrump
5497,#maitnerstrong
5498,#votetrumpsc
5499,#makeamericagreatagain
5502,#votetrumpsc
5503,#votetrumpsc
5504,#makeamericagreatagain
5505,#trump2016
5505,#votetrumpsc
5521,#gopdebate
5523,#gopdebate
5525,#gopdebate
5526,#gopdebate
5530,#mexico
5530,#trump
5530,#ford
5530,#jobs
5530,#carrier
5532,#southcarolinaprimary
5533,#trump2016
5543,#trump2016
5543,#makeamericagreatagain
5547,#makeamericagreatagain
5552,#trump2016
5556,#makeamericagreatagain
5567,#trump2016
5567,#makeamericagreatagain
5568,#makeamericagreatagain
5571,#trump2016
5571,#makeamericagreatagain
5580,#makeamericagreatagain
5580,#scprimary
5591,#fitn
5591,#nhprimary
5596,#fitn
5596,#votetrumpnh
5596,#nhprimary
5597,#votetrumpnh
5598,#votetrumpnh
5598,#fitn
5598,#makeamericagreatagain
5605,#fitn
5606,#fitn
5606,#votetrumpnh
5606,#nhprimary
5608,#fitn
5608,#votetrumpnh
5613,#commoncore
5614,#fitn
5614,#nhprimary
5618,#gopdebate
5618,#superbowlsunday
5618,#sb50
5619,#fitn
5619,#nhprimary
5622,#fitn
5622,#votetrumpnh
5628,#gopdebate
5629,#gopdebate
5638,#gopdebate
5639,#gplfers
5640,#gopdebate
5642,#trumptrain
5642,#makeamericagreatagain
5648,#fitn
5648,#nhprimary
5651,#makeamericagreatagain
5651,#hannity
5653,#votetrump
5661,#trumpsupporters
5664,#makeamericagreatagain
5665,#makeamericagreatagain
5666,#makeamericagreatagain
5668,#fitn
5668,#votetrumpnh
5668,#newhampshire
5670,#fitn
5670,#trump2016
5670,#nhpolitics
5675,#trump2016
5680,#trump2016
5682,#votersspeak
5682,#makeamericagreatagain
5683,#fitn
5683,#makeamericagreatagain
5685,#obamacare
5687,#cruzfraud
5696,#fitn
5696,#trump2016
5699,#trumptrain
5713,#caucusfortrump
5714,#iacaucus
5714,#caucusfortrump
5716,#caucusfortrump
5717,#caucusfortrump
5730,#iacaucus
5730,#caucusfortrump
5734,#caucusfortrump
5737,#iacaucus
5737,#caucusfortrump
5744,#iacaucus
5744,#makeamericagreatagain
5744,#trump2016
5746,#trump2016
5747,#iacaucus
5747,#trump2016
5748,#makeamericagreatagain
5748,#trump2016
5751,#gopdebate
5757,#iacaucus
5757,#gopdebate
5757,#makeamericagreatagain
5759,#thankavet
5760,#gopdebate
5766,#trump4vets
5767,#trump2016
5769,#gopdebate
5770,#michaelmoore
5770,#rogerailes
5770,#foxnews
5776,#iowa
5782,#yuge
5790,#trump2016
5790,#makeamericagreatagain
5797,#trump2016
5797,#makeamericagreatagain
5798,#gopdebate
5799,#makeamericagreatagain
5799,#trump2016
5801,#trump2016
5802,#iacaucus
5802,#trump2016
5804,#gopdebate
5807,#iacaucus
5807,#makeamericagreatagain
5809,#makeamericagreatagain
5809,#trump2016
5827,#fitn
5827,#trump2016
5828,#fitn
5829,#iowacaucus
5831,#fitn
5834,#'s
5837,#iacaucus
5837,#fitn
5837,#trump2016
5837,#votetrump
5840,#newyork
5840,#jonas
5840,#newyorkvalues
5841,#iacaucus
5841,#trump2016
5841,#makeamericagreatagain
5843,#trump2016
5844,#trump2016
5844,#makeamericagreatagain
5848,#wearebernie
5848,#trump
5848,#makeamericagreatagain
5848,#wewanttrump
5849,#makeamericagreatagain
5849,#with_cruz_you_lose
5849,#trump2016
5855,#votetrump
5856,#makeamericagreatagain
5857,#fitn
5857,#trump2016
5858,#iacaucus
5858,#trump2016
5859,#trump2016
5862,#americagreatagain
5864,#excellent
5871,#trump2016
5874,#iacaucus
5874,#makeamericagreatagain
5883,#votetrump
5883,#trump2016
5887,#rnc
5887,#trump2016
5888,#trump2016
5890,#potus
5896,#trump2016
5898,#trump2016
5901,#makeamericagreatagain
5901,#trump2016
5902,#makeamericagreatagain
5902,#trump2016
5909,#commonlaw
5909,#tedcruz
5909,#marybrigidmcmanamon
5909,#naturalborn
5910,#cruz
5910,#marybrigidmcmanamon
5912,#laurencetribe
5913,#laurencetribe
5913,#tedcruz
5914,#votetrump
5914,#makeamericagreatagain
5915,#trumptrain
5918,#trump2016
5922,#iacaucus
5922,#makeamericagreatagain
5922,#fitn
5922,#trump2016
5924,#trump2016
5925,#trump2016
5926,#trump2016
5933,#makeamericagreatagain
5933,#trump2016
5934,#votetrump
5937,#fitn
5937,#trump2016
5939,#fitn
5939,#trump2016
5939,#nhpolitics
5940,#trump2016
5944,#makeamericagreatagain
5944,#trump2016
5949,#trump2016
5949,#makeamericagreatagain
5949,#economy
5956,#trump2016
5957,#makeamericagreatagain
5957,#trump2016
5960,#teamtrump
5963,#cbnnews
5963,#2016
5967,#trump2016
5968,#trump2016
5969,#trump2016
5970,#obamacare
5974,#trump2016
5984,#makeamericagreatagain
5984,#trump2016
5998,#harveypitt
6000,#gopdebate
6003,#trump2016
6006,#votetrump
6011,#trump2016
6015,#trump2016
6015,#foxnews
6016,#votetrump
6017,#iowacaucus
6017,#votetrump
6019,#votetrump
6020,#makeamericagreatagain
6020,#votetrump
6020,#trump2016
6023,#iacaucus
6023,#fitn
6023,#trump2016
6023,#iapolitics
6023,#votetrump
6028,#sotu
6029,#sotu
6030,#trump2016
6031,#iacaucus
6031,#fitn
6034,#trump2016
6037,#teamtrump
6043,#trump2016
6045,#makeamericagreatagain
6045,#trump2016
6048,#makeamericagreatagain
6048,#trump2016
6051,#goldenglobe
6052,#trump2016
6052,#lesm
6072,#laurence
6077,#makeamericagreatagain
6077,#trump2016
6077,#foxnews
6084,#rubio
6084,#bush
6112,#wh
6112,#davidcameron
6116,#trump4president
6124,#trump2016
